0,1,2,3,4,5,6,7,8
reversed(n),,,,,,,,
node.incoming_nodes,node.outgoing_nodes,set(ordered_nodes).issuperset(nextnode.incoming_nodes),,,,,,
text.rfind(',"',",end,=,cols,lines.append(line),lines.append(text),,
i,%,256,int(i/256),chr(i1),+,chr(i2),,
transform.GetPosition(),transformUtils.getAxesFromTransform(transform),"cropToLineSegment(polyData,",origin,+,"axis*bound[0],",origin,+,axis*bound[1])
f,==,item,return,True,,,,
G.add_nodes_from(R),e['capacity'],e['weight'],"G.add_edge(u,","v,",weight=w),,,
publication_id,Publication.objects.get(publication_id=publication_id),PublicationForm(instance=upload),PublicationForm(),"render(request,",,,,
smallestcommandnumber,self.do_command_propose_from_pending(smallestcommandnumber),self.do_command_prepare_from_pending(smallestcommandnumber),,,,,,
